{
  "project_info": {
    "project_number": "1013790673274",
    "project_id": "riadissnapback-ba772",
    "storage_bucket": "riadissnapback-ba772.appspot.com"
  },
  "client": [
    {
      "client_info": {
        "mobilesdk_app_id": "1:1013790673274:android:e2ef960e9dbecf4940eec3",
        "android_client_info": {
          "package_name": "com.example.riadissnapback_store"
        }
      },
      "oauth_client": [
        {
          "client_id": "1013790673274-4mjmol2oipgj5krjqb1srfl53gffa1tr.apps.googleusercontent.com",
          "client_type": 3
        }
      ],
      "api_key": [
        {
          "current_key": "AIzaSyAIkKC-bxTgkiKbYbBV9sYuXF2WU1nruks"
        }
      ],
      "services": {
        "appinvite_service": {
          "other_platform_oauth_client": [
            {
              "client_id": "1013790673274-4mjmol2oipgj5krjqb1srfl53gffa1tr.apps.googleusercontent.com",
              "client_type": 3
            }
          ]
        }
      }
    }
  ],
  "configuration_version": "1"
}